{
    "prepare_queue": {
        "installed": [],
        "uninstalled": []
    },
    "config_munge": {
        "files": {
            "res/xml/config.xml": {
                "parents": {
                    "/*": [
                        {
                            "xml": "<feature name=\"Whitelist\"><param name=\"android-package\" value=\"org.apache.cordova.whitelist.WhitelistPlugin\" /><param name=\"onload\" value=\"true\" /></feature>",
                            "count": 1
                        },
                        {
                            "xml": "<feature name=\"GoogleMaps\"><param name=\"android-package\" value=\"plugin.google.maps.GoogleMaps\" /><param name=\"onload\" value=\"true\" /><param name=\"onreset\" value=\"true\" /></feature>",
                            "count": 1
                        },
                        {
                            "xml": "<feature name=\"External\"><param name=\"android-package\" value=\"plugin.google.maps.External\" /></feature>",
                            "count": 1
                        },
                        {
                            "xml": "<feature name=\"Geocoder\"><param name=\"android-package\" value=\"plugin.google.maps.MyGeocoder\" /></feature>",
                            "count": 1
                        }
                    ]
                }
            },
            "AndroidManifest.xml": {
                "parents": {
                    "/manifest/application": [
                        {
                            "xml": "<meta-data android:name=\"com.google.android.geo.API_KEY\" android:value=\"AIzaSyCa2XUg3QhSTZt6Vu3XdE3HYweUmkK3Bng\" />",
                            "count": 1
                        },
                        {
                            "xml": "<meta-data android:name=\"com.google.android.gms.version\" android:value=\"@integer/google_play_services_version\" />",
                            "count": 1
                        }
                    ],
                    "/manifest": [
                        {
                            "xml": "<uses-permission android:name=\"android.permission.INTERNET\" />",
                            "count": 1
                        },
                        {
                            "xml": "<uses-permission android:name=\"android.permission.ACCESS_NETWORK_STATE\" />",
                            "count": 1
                        },
                        {
                            "xml": "<uses-permission android:name=\"com.google.android.providers.gsf.permission.READ_GSERVICES\" />",
                            "count": 1
                        },
                        {
                            "xml": "<uses-permission android:name=\"android.permission.ACCESS_COARSE_LOCATION\" />",
                            "count": 1
                        },
                        {
                            "xml": "<uses-permission android:name=\"android.permission.ACCESS_FINE_LOCATION\" />",
                            "count": 1
                        },
                        {
                            "xml": "<uses-feature android:glEsVersion=\"0x00020000\" android:required=\"true\" />",
                            "count": 1
                        },
                        {
                            "xml": "<uses-feature android:name=\"android.hardware.location\" />",
                            "count": 1
                        },
                        {
                            "xml": "<uses-feature android:name=\"android.hardware.location.gps\" />",
                            "count": 1
                        }
                    ]
                }
            }
        }
    },
    "installed_plugins": {
        "cordova-plugin-whitelist": {
            "PACKAGE_NAME": "com.seawell.barproto2"
        },
        "cordova-plugin-googlemaps": {
            "API_KEY_FOR_ANDROID": "AIzaSyCa2XUg3QhSTZt6Vu3XdE3HYweUmkK3Bng",
            "PACKAGE_NAME": "com.seawell.barproto2"
        }
    },
    "dependent_plugins": {},
    "modules": [
        {
            "id": "cordova-plugin-googlemaps.cordova-plugin-googlemaps",
            "file": "plugins/cordova-plugin-googlemaps/www/googlemaps-cdv-plugin.js",
            "pluginId": "cordova-plugin-googlemaps",
            "clobbers": [
                "cordova-plugin-googlemaps"
            ]
        }
    ],
    "plugin_metadata": {
        "cordova-plugin-whitelist": "1.3.1",
        "cordova-plugin-googlemaps": "1.4.0"
    }
}